{"d_min": 3.5730420180719578, "d_max": 31.556783567523542}